patient_nric,patient_first_name,patient_last_name,age,DOB,sex,ethnicity,planning_area,address,housing_type,conditions,medications,allergies,last_visit_date,chronic_flag
G6965515M,Zhen,Nair,14,2011-03-13,F,Chinese,Hougang,Blk 30 Hougang Avenue 8,HDB,[],[],[],2024-03-04,False
S3006055E,Farah,Chong,8,2017-10-04,F,Chinese,Jurong West,Blk 111 Jurong West Street 65,HDB,"[""Hyperlipidemia""]","[""Rosuvastatin""]",[],2025-07-29,True
T9884593Z,Ava,Iyer,19,2006-04-16,F,Malay,Sengkang,Blk 632 Sengkang Square,HDB,[],[],"[""Peanuts""]",2026-01-24,False
S8304741J,Xin,Hassan,28,1997-10-23,F,Chinese,Bedok,Blk 779 Bedok Reservoir Road,HDB,"[""Chronic Kidney Disease"", ""Coronary Artery Disease""]","[""Sodium bicarbonate"", ""Calcium carbonate"", ""Aspirin"", ""Atorvastatin""]","[""Cephalosporins""]",2024-11-19,True
T7149248B,Ying,Singh,62,1963-05-13,F,Chinese,Queenstown,Blk 561 Mei Ling Street,HDB,"[""Chronic Kidney Disease""]","[""Sodium bicarbonate"", ""Calcium carbonate""]",[],2024-12-29,True
T6698733C,Nur,Lim,71,1954-08-03,F,Chinese,Tampines,Blk 885 Tampines Street 32,HDB,"[""Allergic Rhinitis"", ""Atrial Fibrillation"", ""Chronic Kidney Disease"", ""Hypothyroidism"", ""Stroke (History)""]","[""Fluticasone nasal spray"", ""Cetirizine"", ""Bisoprolol"", ""Sodium bicarbonate"", ""Levothyroxine"", ""Atorvastatin""]",[],2024-03-10,True
S4624291B,Ming,Tan,1,2024-09-23,M,Chinese,Clementi,Blk 133 Clementi West Street 2,HDB,[],[],"[""NSAIDs""]",2024-08-10,False
S2646539G,Ying,Iyer,83,1942-10-27,F,Indian,Jurong East,Blk 36 Jurong East Street 13,HDB,[],[],"[""Cephalosporins""]",2024-07-12,False
S3437250J,Hui,Koh,51,1974-03-22,F,Chinese,Choa Chu Kang,Blk 184 Choa Chu Kang Crescent,HDB,"[""Hypothyroidism"", ""Osteoarthritis""]","[""Levothyroxine"", ""Naproxen""]",[],2024-03-03,True
T5577099E,Nur,Rahman,4,2021-05-18,F,Chinese,Sembawang,Blk 5 Sembawang Drive,HDB,[],[],[],2025-07-07,False
S2740380H,Ravi,Chong,72,1953-06-27,M,Chinese,Ang Mo Kio,Blk 174 Ang Mo Kio Street 11,HDB,[],[],[],2025-03-27,False
S8119399A,Jia,Lim,70,1955-12-18,F,Chinese,Pasir Ris,Blk 115 Pasir Ris Street 21,HDB,"[""Migraine""]","[""Sumatriptan""]","[""Penicillin""]",2025-01-03,True
S9868053E,Ying,Khan,61,1964-10-17,F,Chinese,Clementi,Blk 546 Clementi Avenue 2,HDB,"[""Stroke (History)""]","[""Atorvastatin""]","[""Egg""]",2024-08-08,True
T8495207E,Mei,Khan,51,1974-03-01,F,Chinese,Queenstown,Blk 202 Stirling Road,HDB,"[""GERD""]","[""Omeprazole""]",[],2024-10-16,True
S4952648B,Farah,Zhang,35,1990-05-08,F,Chinese,Jurong East,Blk 467 Jurong East Street 21,HDB,"[""Atrial Fibrillation"", ""Coronary Artery Disease"", ""Gout"", ""Obesity"", ""Osteoarthritis""]","[""Bisoprolol"", ""Aspirin"", ""Allopurinol"", ""Colchicine"", ""Orlistat"", ""Paracetamol"", ""Naproxen""]",[],2025-07-16,True
F0481056L,Hannah,Kaur,34,1992-02-02,F,Chinese,Bishan,Blk 357 Bishan Street 24,HDB,"[""Anxiety"", ""Gout""]","[""Sertraline"", ""Escitalopram"", ""Colchicine""]",[],2024-04-17,True
S3176783J,Mei,Chong,92,1933-08-21,F,Chinese,Jurong West,Blk 315 Jurong West Street 52,HDB,"[""GERD""]","[""Famotidine""]",[],2025-04-07,True
F4086152K,Hafiz,Khan,49,1977-01-05,M,Malay,Pasir Ris,Blk 493 Pasir Ris Street 71,HDB,[],[],[],2024-06-08,False
S0650389F,Xin,Zhang,39,1986-02-17,F,Indian,Bedok,Blk 626 Bedok North Street 3,HDB,[],[],"[""Shellfish""]",2025-09-28,False
S4565784A,Vikram,Ong,2,2024-01-06,M,Chinese,Bukit Batok,Blk 381 Bukit Batok West Avenue 5,HDB,"[""Chronic Kidney Disease""]","[""Sodium bicarbonate"", ""Calcium carbonate""]","[""Penicillin""]",2024-12-23,True
F3081235L,Noah,Wong,21,2004-06-05,M,Chinese,Pasir Ris,Blk 746 Pasir Ris Street 11,HDB,"[""GERD"", ""Hypertension""]","[""Famotidine"", ""Amlodipine""]",[],2025-11-04,True
S1321860I,Azlan,Zhang,33,1993-01-21,M,Indian,Sembawang,Blk 618 Sembawang Drive,HDB,"[""Atrial Fibrillation"", ""Chronic Kidney Disease"", ""Stroke (History)""]","[""Bisoprolol"", ""Calcium carbonate"", ""Sodium bicarbonate"", ""Clopidogrel""]",[],2024-05-07,True
S1308049F,Xin,Koh,79,1947-01-21,F,Malay,Hougang,Blk 967 Hougang Avenue 1,HDB,"[""Atrial Fibrillation"", ""Coronary Artery Disease"", ""Depression""]","[""Apixaban"", ""Bisoprolol"", ""Aspirin"", ""Atorvastatin"", ""Fluoxetine""]",[],2024-05-18,True
F6776666X,Mei,Rahman,55,1970-07-19,F,Chinese,Sembawang,Blk 557 Canberra Road,HDB,"[""Allergic Rhinitis""]","[""Fluticasone nasal spray"", ""Cetirizine""]",[],2025-12-11,True
S2956252J,Ryan,Khan,20,2005-08-04,M,Malay,Clementi,Blk 178 Clementi Avenue 3,HDB,"[""Asthma"", ""Gout"", ""Type 2 Diabetes""]","[""Budesonide inhaler"", ""Salbutamol inhaler"", ""Allopurinol"", ""Sitagliptin""]","[""Peanuts""]",2024-04-29,True
S5177927D,Hannah,Lee,10,2015-03-26,F,Chinese,Jurong East,Blk 635 Jurong East Avenue 3,HDB,"[""Atrial Fibrillation""]","[""Bisoprolol""]",[],2024-12-29,True
S3653276I,Ethan,Nair,40,1985-11-03,M,Chinese,Serangoon,Blk 232 Serangoon Central,HDB,"[""Allergic Rhinitis""]","[""Cetirizine"", ""Fluticasone nasal spray""]",[],2025-03-23,True
S1943862G,Ravi,Teo,55,1970-09-01,M,Chinese,Bishan,Blk 658 Bishan Street 23,HDB,"[""Obesity""]","[""Orlistat""]","[""Shellfish""]",2025-05-04,True
S4188401J,Mei,Khan,72,1954-01-02,F,Chinese,Clementi,Blk 575 Clementi West Street 1,HDB,"[""Anxiety"", ""Chronic Kidney Disease""]","[""Sertraline"", ""Escitalopram"", ""Calcium carbonate"", ""Sodium bicarbonate""]",[],2025-03-08,True
S4726642D,Sara,Tan,17,2008-07-20,F,Chinese,Ang Mo Kio,Blk 496 Ang Mo Kio Street 31,HDB,"[""Hypothyroidism""]","[""Levothyroxine""]",[],2024-06-07,True
S0132509D,Arjun,Tan,0,2025-08-19,M,Other,Queenstown,Blk 606 Queenstown Drive,HDB,"[""Eczema"", ""Obesity""]","[""Hydrocortisone cream"", ""Orlistat""]",[],2025-10-27,True
T8903712Z,Farah,Wong,56,1970-02-03,F,Chinese,Toa Payoh,Blk 481 Toa Payoh East,HDB,[],[],"[""Shellfish""]",2025-03-14,False
S4106360B,Lucas,Chong,60,1965-12-05,M,Chinese,Woodlands,Blk 396 Woodlands Drive 16,HDB,"[""Depression"", ""Hyperlipidemia"", ""Hypothyroidism"", ""Migraine"", ""Stroke (History)""]","[""Fluoxetine"", ""Atorvastatin"", ""Rosuvastatin"", ""Levothyroxine"", ""Sumatriptan"", ""Propranolol"", ""Clopidogrel""]",[],2024-12-09,True
S2631105E,Imran,Goh,5,2020-05-24,M,Chinese,Sengkang,Blk 695 Rivervale Drive,HDB,"[""Coronary Artery Disease"", ""Type 2 Diabetes""]","[""Aspirin"", ""Metformin""]",[],2025-04-21,True
S0861116E,Jia,Teo,50,1976-01-22,F,Malay,Woodlands,Blk 876 Woodlands Avenue 4,HDB,"[""Hypertension""]","[""Perindopril""]",[],2024-10-26,True
F4859004R,Ying,Menon,27,1998-02-26,F,Chinese,Tampines,Blk 699 Tampines Avenue 5,HDB,"[""Asthma"", ""Atrial Fibrillation""]","[""Budesonide inhaler"", ""Apixaban""]",[],2024-10-26,True
S7895514G,Kavya,Khan,26,2000-01-01,F,Indian,Serangoon,Blk 313 Serangoon Avenue 2,HDB,"[""Coronary Artery Disease"", ""Eczema"", ""Osteoarthritis""]","[""Aspirin"", ""Bisoprolol"", ""Hydrocortisone cream"", ""Emollient"", ""Paracetamol""]",[],2025-08-11,True
S4413911A,Sara,Ong,74,1951-05-27,F,Chinese,Bukit Batok,Blk 927 Bukit Batok Street 11,HDB,"[""Chronic Kidney Disease"", ""Heart Failure""]","[""Sodium bicarbonate"", ""Spironolactone""]","[""NSAIDs""]",2025-03-24,True
S5899974A,Ananya,Tan,84,1941-09-11,F,Chinese,Ang Mo Kio,Blk 130 Ang Mo Kio Street 31,HDB,"[""Chronic Kidney Disease"", ""Coronary Artery Disease"", ""Eczema"", ""Migraine""]","[""Calcium carbonate"", ""Bisoprolol"", ""Hydrocortisone cream"", ""Propranolol"", ""Sumatriptan""]",[],2024-07-25,True
S6408084I,Zhen,Menon,27,1998-04-28,F,Other,Bukit Batok,Blk 614 Bukit Batok West Avenue 5,HDB,"[""Heart Failure""]","[""Bisoprolol""]",[],2025-05-05,True
S6912150J,Kai,Lim,37,1988-07-16,M,Chinese,Sembawang,Blk 165 Sembawang Drive,HDB,"[""Asthma"", ""Coronary Artery Disease"", ""Osteoarthritis"", ""Stroke (History)""]","[""Budesonide inhaler"", ""Aspirin"", ""Paracetamol"", ""Clopidogrel"", ""Atorvastatin""]",[],2025-01-31,True
S0715623E,Ming,Ismail,47,1978-06-23,M,Chinese,Tampines,Blk 8 Tampines Avenue 4,HDB,"[""Atrial Fibrillation"", ""Eczema"", ""GERD"", ""Gout"", ""Type 2 Diabetes""]","[""Bisoprolol"", ""Apixaban"", ""Emollient"", ""Famotidine"", ""Omeprazole"", ""Colchicine"", ""Sitagliptin""]",[],2024-08-29,True
S6923438J,Ravi,Nair,54,1971-06-14,M,Chinese,Hougang,Blk 916 Hougang Avenue 8,HDB,[],[],"[""Shellfish""]",2025-06-26,False
T8387474G,Sophia,Iyer,28,1997-10-22,F,Chinese,Bedok,Blk 978 Bedok North Road,HDB,"[""Depression"", ""Hypertension"", ""Migraine""]","[""Sertraline"", ""Perindopril"", ""Propranolol""]","[""Peanuts""]",2025-01-28,True
F1453889P,Hao,Zhang,88,1937-03-03,M,Chinese,Tampines,Blk 818 Tampines Avenue 4,HDB,"[""Allergic Rhinitis"", ""Osteoarthritis""]","[""Fluticasone nasal spray"", ""Cetirizine"", ""Naproxen""]",[],2026-02-04,True
S8449206Z,Vikram,Nair,92,1933-03-11,M,Indian,Bishan,Blk 599 Bishan Street 22,HDB,"[""Allergic Rhinitis"", ""GERD"", ""Hypothyroidism""]","[""Fluticasone nasal spray"", ""Omeprazole"", ""Levothyroxine""]",[],2025-02-19,True
G9877460U,Azlan,Goh,23,2002-07-18,M,Chinese,Jurong East,Blk 437 Jurong East Street 21,HDB,[],[],"[""Penicillin""]",2024-07-04,False
S8461968Z,Syafiq,Wong,68,1957-12-10,M,Chinese,Serangoon,Blk 49 Serangoon North Avenue 4,HDB,"[""Anxiety"", ""Chronic Kidney Disease"", ""Eczema"", ""Hyperlipidemia""]","[""Escitalopram"", ""Sodium bicarbonate"", ""Hydrocortisone cream"", ""Atorvastatin""]","[""Egg""]",2025-07-29,True
S0966347I,Siti,Goh,42,1984-02-03,F,Chinese,Yishun,Blk 387 Yishun Avenue 11,HDB,"[""Eczema"", ""Heart Failure"", ""Hypertension"", ""Osteoarthritis""]","[""Emollient"", ""Hydrocortisone cream"", ""Spironolactone"", ""Losartan"", ""Perindopril"", ""Naproxen"", ""Paracetamol""]",[],2025-06-01,True
S6749080J,Xin,Khan,53,1973-01-27,F,Malay,Jurong West,Blk 75 Jurong West Avenue 5,HDB,"[""Eczema""]","[""Emollient"", ""Hydrocortisone cream""]","[""Cephalosporins""]",2024-12-09,True
S7914549A,Zhi,Lim,15,2010-10-01,M,Chinese,Sengkang,Blk 241 Sengkang East Way,HDB,[],[],[],2024-12-25,False
G2304548L,Aisyah,Goh,84,1941-07-26,F,Chinese,Tampines,Blk 577 Tampines Street 11,HDB,[],[],[],2024-11-22,False
S1902703A,Farah,Hassan,0,2025-12-25,F,Malay,Toa Payoh,Blk 50 Toa Payoh East,HDB,"[""Allergic Rhinitis"", ""Gout"", ""Obesity""]","[""Fluticasone nasal spray"", ""Colchicine"", ""Orlistat""]","[""Cephalosporins""]",2025-06-17,True
F0477311W,Ravi,Rahman,0,2025-05-08,M,Chinese,Sengkang,Blk 870 Sengkang West Avenue,HDB,"[""Chronic Kidney Disease"", ""GERD"", ""Osteoarthritis""]","[""Calcium carbonate"", ""Sodium bicarbonate"", ""Omeprazole"", ""Paracetamol""]",[],2024-12-20,True
S0292271A,Hui,Khan,10,2015-12-28,F,Chinese,Jurong West,Blk 262 Jurong West Street 41,HDB,"[""Anxiety"", ""Gout"", ""Hyperlipidemia"", ""Hypertension""]","[""Escitalopram"", ""Allopurinol"", ""Atorvastatin"", ""Perindopril""]",[],2025-06-03,True
F8217472U,Chloe,Khan,52,1973-09-23,F,Malay,Bukit Batok,Blk 972 Bukit Batok Street 11,HDB,"[""Allergic Rhinitis"", ""Heart Failure""]","[""Fluticasone nasal spray"", ""Furosemide""]",[],2024-07-03,True
S8250157F,Yong,Ismail,56,1969-05-22,M,Chinese,Bedok,Blk 904 Bedok North Street 1,HDB,"[""Atrial Fibrillation""]","[""Bisoprolol"", ""Apixaban""]","[""Shellfish""]",2025-09-16,True
S5383112E,Hafiz,Kaur,62,1963-05-28,M,Indian,Choa Chu Kang,Blk 364 Choa Chu Kang Avenue 4,HDB,"[""GERD"", ""Hyperlipidemia""]","[""Omeprazole"", ""Atorvastatin""]",[],2024-03-16,True
S2392596F,Emma,Singh,17,2008-04-09,F,Other,Clementi,Blk 874 Clementi Avenue 3,HDB,"[""Allergic Rhinitis"", ""Coronary Artery Disease"", ""GERD"", ""Type 2 Diabetes""]","[""Fluticasone nasal spray"", ""Atorvastatin"", ""Bisoprolol"", ""Famotidine"", ""Omeprazole"", ""Sitagliptin"", ""Gliclazide""]",[],2025-12-08,True
G6991484K,Zhi,Zhang,33,1992-07-02,M,Chinese,Clementi,Blk 209 Clementi Avenue 2,HDB,"[""Chronic Kidney Disease"", ""Depression"", ""GERD"", ""Gout"", ""Hyperlipidemia""]","[""Sodium bicarbonate"", ""Calcium carbonate"", ""Sertraline"", ""Famotidine"", ""Colchicine"", ""Allopurinol"", ""Rosuvastatin""]","[""Shellfish""]",2024-10-20,True
F8441375P,Imran,Hassan,9,2016-04-19,M,Chinese,Yishun,Blk 752 Yishun Ring Road,HDB,"[""Hypothyroidism""]","[""Levothyroxine""]","[""NSAIDs""]",2024-08-07,True
F0815337W,Hao,Ong,4,2021-10-11,M,Chinese,Sembawang,Blk 700 Sembawang Close,HDB,"[""Stroke (History)""]","[""Clopidogrel"", ""Atorvastatin""]",[],2025-01-20,True
F6542457Q,Kavya,Wong,25,2000-12-15,F,Chinese,Jurong West,Blk 634 Jurong West Avenue 1,HDB,[],[],[],2025-11-03,False
S8510098Z,Jun,Ismail,59,1966-11-03,M,Chinese,Punggol,Blk 566 Punggol Drive,HDB,"[""Coronary Artery Disease"", ""Hyperlipidemia"", ""Hypothyroidism"", ""Migraine"", ""Osteoarthritis""]","[""Bisoprolol"", ""Atorvastatin"", ""Rosuvastatin"", ""Levothyroxine"", ""Sumatriptan"", ""Paracetamol""]",[],2025-04-01,True
S2048518C,Jia,Iyer,77,1948-08-22,F,Chinese,Woodlands,Blk 714 Woodlands Avenue 4,HDB,"[""Atrial Fibrillation"", ""Heart Failure""]","[""Apixaban"", ""Bisoprolol""]",[],2024-11-28,True
T5568030I,Syafiq,Ahmad,0,2025-10-26,M,Chinese,Punggol,Blk 428 Punggol Drive,HDB,"[""Asthma"", ""Hyperlipidemia""]","[""Salbutamol inhaler"", ""Rosuvastatin"", ""Atorvastatin""]",[],2025-11-05,True
S6696034Z,Xin,Menon,72,1953-02-25,F,Chinese,Choa Chu Kang,Blk 764 Choa Chu Kang Avenue 4,HDB,[],[],[],2024-12-12,False
S4702317C,Hao,Tan,82,1944-02-05,M,Chinese,Tampines,Blk 787 Tampines Street 32,HDB,"[""Depression"", ""Gout"", ""Migraine"", ""Type 2 Diabetes""]","[""Sertraline"", ""Colchicine"", ""Sumatriptan"", ""Metformin""]",[],2025-04-25,True
F0476605U,Ananya,Ng,88,1937-12-27,F,Chinese,Bukit Batok,Blk 245 Bukit Batok East Avenue 3,HDB,"[""Heart Failure""]","[""Bisoprolol""]",[],2024-06-28,True
S8483047Z,Ryan,Hassan,51,1974-08-15,M,Chinese,Hougang,Blk 838 Hougang Street 21,HDB,"[""Hyperlipidemia"", ""Type 2 Diabetes""]","[""Rosuvastatin"", ""Atorvastatin"", ""Gliclazide""]",[],2024-02-16,True
F8557410T,Hui,Hassan,35,1990-02-21,F,Chinese,Queenstown,Blk 443 Mei Ling Street,HDB,"[""Type 2 Diabetes""]","[""Metformin""]",[],2025-03-09,True
F9486315P,Sara,Wong,32,1993-07-16,F,Chinese,Bishan,Blk 508 Bishan Street 23,HDB,"[""Depression"", ""Gout"", ""Stroke (History)""]","[""Sertraline"", ""Colchicine"", ""Atorvastatin""]",[],2024-07-20,True
G6136835W,Xin,Zhang,0,2025-09-17,F,Chinese,Bukit Merah,Blk 512 Telok Blangah Crescent,HDB,[],[],[],2024-05-05,False
F6838068P,Ravi,Nair,54,1971-03-02,M,Malay,Queenstown,Blk 631 Queenstown Drive,HDB,"[""Stroke (History)""]","[""Atorvastatin"", ""Clopidogrel""]",[],2025-12-17,True
T5489393G,Ryan,Zhang,50,1975-06-27,M,Chinese,Hougang,Blk 698 Hougang Avenue 3,HDB,[],[],"[""Shellfish""]",2024-12-10,False
F8886422X,Yong,Wong,66,1959-11-22,M,Chinese,Serangoon,Blk 999 Serangoon North Avenue 1,HDB,"[""Anxiety"", ""Asthma"", ""Migraine""]","[""Escitalopram"", ""Budesonide inhaler"", ""Salbutamol inhaler"", ""Sumatriptan""]",[],2024-04-20,True
S1294121H,Zhi,Lee,30,1995-11-27,M,Chinese,Bukit Batok,Blk 592 Bukit Batok Street 11,HDB,"[""Anxiety"", ""Hypertension"", ""Osteoarthritis""]","[""Escitalopram"", ""Losartan"", ""Paracetamol""]",[],2024-08-21,True
F2271307T,Mei,Koh,22,2003-03-21,F,Indian,Bukit Batok,Blk 644 Bukit Batok Street 21,HDB,"[""Chronic Kidney Disease"", ""Obesity""]","[""Sodium bicarbonate"", ""Orlistat""]",[],2024-09-17,True
F5111523Q,Daniel,Ng,22,2003-10-17,M,Chinese,Jurong East,Blk 839 Jurong East Avenue 3,HDB,"[""Obesity""]","[""Orlistat""]","[""Shellfish""]",2025-03-06,True
F6692834U,Ming,Khan,84,1941-08-12,M,Chinese,Choa Chu Kang,Blk 541 Choa Chu Kang Avenue 1,HDB,"[""Migraine"", ""Stroke (History)"", ""Type 2 Diabetes""]","[""Propranolol"", ""Sumatriptan"", ""Clopidogrel"", ""Metformin"", ""Gliclazide""]","[""Cephalosporins""]",2025-03-29,True
S5004362B,Daniel,Lim,82,1943-08-09,M,Malay,Queenstown,Blk 726 Dover Road,HDB,"[""Asthma"", ""Atrial Fibrillation"", ""Eczema"", ""Obesity""]","[""Salbutamol inhaler"", ""Apixaban"", ""Bisoprolol"", ""Emollient"", ""Orlistat""]","[""Shellfish""]",2024-09-04,True
S2112353F,Daniel,Ismail,1,2024-11-09,M,Chinese,Queenstown,Blk 605 Commonwealth Avenue,HDB,"[""Chronic Kidney Disease"", ""Coronary Artery Disease""]","[""Sodium bicarbonate"", ""Calcium carbonate"", ""Atorvastatin""]","[""Shellfish""]",2025-02-26,True
S8111856F,Hui,Tan,2,2024-01-23,F,Chinese,Bukit Merah,Blk 429 Telok Blangah Crescent,HDB,"[""Eczema"", ""Gout""]","[""Hydrocortisone cream"", ""Emollient"", ""Colchicine""]",[],2025-06-08,True
S6109449J,Daniel,Ahmad,42,1984-01-21,M,Malay,Bukit Batok,Blk 284 Bukit Batok Street 11,HDB,[],[],[],2024-11-12,False
S6622966A,Azlan,Ng,79,1946-03-05,M,Chinese,Tampines,Blk 707 Tampines Avenue 4,HDB,[],[],[],2024-10-02,False
S2862271F,Ananya,Tan,75,1950-11-06,F,Chinese,Queenstown,Blk 34 Queenstown Drive,HDB,"[""Asthma"", ""Stroke (History)"", ""Type 2 Diabetes""]","[""Salbutamol inhaler"", ""Budesonide inhaler"", ""Atorvastatin"", ""Sitagliptin""]",[],2024-11-27,True
F2481945X,Ethan,Goh,28,1997-06-21,M,Chinese,Yishun,Blk 599 Yishun Street 21,HDB,"[""Hyperlipidemia"", ""Hypothyroidism"", ""Migraine"", ""Osteoarthritis"", ""Stroke (History)""]","[""Rosuvastatin"", ""Atorvastatin"", ""Levothyroxine"", ""Sumatriptan"", ""Naproxen"", ""Clopidogrel""]",[],2024-03-04,True
S3467282B,Chloe,Nair,86,1939-02-23,F,Indian,Punggol,Blk 238 Punggol Central,HDB,"[""Atrial Fibrillation""]","[""Bisoprolol""]",[],2025-11-22,True
T5301802A,Jian,Ibrahim,24,2002-01-02,M,Indian,Sengkang,Blk 133 Sengkang Square,HDB,"[""Anxiety"", ""Atrial Fibrillation"", ""Coronary Artery Disease""]","[""Escitalopram"", ""Apixaban"", ""Aspirin"", ""Bisoprolol""]","[""Egg""]",2025-05-12,True
S5630187I,Zhi,Wong,30,1996-01-08,M,Other,Tampines,Blk 381 Tampines Street 11,HDB,[],[],[],2025-06-05,False
F3119205Q,Wei,Lee,18,2007-12-23,M,Chinese,Pasir Ris,Blk 844 Pasir Ris Street 71,HDB,"[""Atrial Fibrillation"", ""Hypothyroidism"", ""Migraine""]","[""Apixaban"", ""Bisoprolol"", ""Levothyroxine"", ""Propranolol"", ""Sumatriptan""]","[""Shellfish""]",2025-12-29,True
F0333814L,Imran,Goh,73,1952-10-17,M,Malay,Jurong East,Blk 912 Jurong East Street 21,HDB,"[""Asthma"", ""GERD"", ""Hypothyroidism""]","[""Salbutamol inhaler"", ""Omeprazole"", ""Levothyroxine""]",[],2024-08-11,True
S6810517Z,Priya,Nair,61,1964-04-18,F,Chinese,Choa Chu Kang,Blk 881 Choa Chu Kang Avenue 1,HDB,"[""Anxiety"", ""Coronary Artery Disease""]","[""Escitalopram"", ""Aspirin""]",[],2025-10-22,True
S7915703A,Lucas,Zhang,86,1939-02-20,M,Chinese,Pasir Ris,Blk 643 Pasir Ris Street 11,HDB,"[""Asthma"", ""GERD"", ""Migraine"", ""Stroke (History)""]","[""Salbutamol inhaler"", ""Budesonide inhaler"", ""Famotidine"", ""Sumatriptan"", ""Atorvastatin"", ""Clopidogrel""]","[""NSAIDs""]",2025-08-05,True
S0014253J,Ravi,Zhang,74,1951-07-11,M,Chinese,Sengkang,Blk 123 Rivervale Drive,HDB,"[""Eczema"", ""Gout""]","[""Hydrocortisone cream"", ""Colchicine""]",[],2024-05-10,True
F3863081N,Ming,Ng,6,2019-05-08,M,Chinese,Bedok,Blk 733 Bedok North Street 3,HDB,"[""Anxiety"", ""Hypertension""]","[""Escitalopram"", ""Losartan""]",[],2024-07-25,True
S0282659C,Hao,Menon,10,2015-07-01,M,Chinese,Hougang,Blk 172 Hougang Avenue 8,HDB,"[""Stroke (History)""]","[""Clopidogrel"", ""Atorvastatin""]","[""Penicillin""]",2024-05-25,True
F7003099M,Kavya,Chong,91,1934-11-07,F,Indian,Jurong East,Blk 112 Jurong East Street 21,HDB,"[""Type 2 Diabetes""]","[""Gliclazide"", ""Sitagliptin""]",[],2025-02-02,True
S8303306A,Vikram,Chen,64,1961-08-21,M,Indian,Sembawang,Blk 14 Sembawang Drive,HDB,"[""Depression"", ""Migraine""]","[""Fluoxetine"", ""Propranolol"", ""Sumatriptan""]","[""Peanuts""]",2024-06-29,True
F0078923L,Jun,Khan,1,2025-02-04,M,Chinese,Bukit Batok,Blk 586 Bukit Batok Street 21,HDB,"[""Anxiety"", ""Hyperlipidemia""]","[""Escitalopram"", ""Rosuvastatin"", ""Atorvastatin""]",[],2025-04-05,True
T7244374D,Daniel,Rahman,32,1993-09-26,M,Chinese,Punggol,Blk 917 Punggol Central,HDB,[],[],[],2025-04-16,False
T0908868C,Arjun,Iyer,72,1953-11-10,M,Chinese,Jurong West,Blk 16 Jurong West Avenue 5,HDB,"[""Allergic Rhinitis"", ""Atrial Fibrillation"", ""Gout"", ""Hypertension"", ""Migraine""]","[""Cetirizine"", ""Apixaban"", ""Allopurinol"", ""Amlodipine"", ""Sumatriptan"", ""Propranolol""]",[],2025-10-23,True
S6070773A,Hao,Zhang,69,1956-10-02,M,Chinese,Bukit Merah,Blk 560 Redhill Close,HDB,"[""Hyperlipidemia"", ""Hypertension""]","[""Atorvastatin"", ""Rosuvastatin"", ""Amlodipine"", ""Perindopril""]","[""NSAIDs""]",2024-06-17,True
F7714259L,Zhi,Lee,55,1970-10-22,M,Chinese,Punggol,Blk 392 Punggol Drive,HDB,"[""Hypothyroidism""]","[""Levothyroxine""]","[""NSAIDs""]",2024-09-27,True
T2988313G,Jun,Koh,71,1954-10-25,M,Chinese,Hougang,Blk 402 Hougang Avenue 3,HDB,"[""Allergic Rhinitis"", ""Heart Failure"", ""Hyperlipidemia""]","[""Fluticasone nasal spray"", ""Bisoprolol"", ""Rosuvastatin""]",[],2024-03-07,True
S4257175Z,Ying,Wong,92,1933-02-15,F,Chinese,Yishun,Blk 842 Yishun Ring Road,HDB,[],[],[],2025-05-16,False
F0320793P,Zhi,Kaur,53,1972-07-26,M,Chinese,Bishan,Blk 792 Bishan Street 24,HDB,[],[],[],2024-08-28,False
T6366261A,Kai,Ibrahim,8,2017-02-15,M,Chinese,Bishan,Blk 184 Bishan Street 23,HDB,[],[],[],2024-11-18,False
S2394479J,Wei,Goh,86,1939-10-18,M,Malay,Woodlands,Blk 627 Woodlands Avenue 6,HDB,"[""Atrial Fibrillation"", ""Hypothyroidism""]","[""Apixaban"", ""Levothyroxine""]","[""Cephalosporins""]",2025-02-24,True
S9055403D,Zhi,Hassan,78,1947-11-01,M,Chinese,Choa Chu Kang,Blk 601 Choa Chu Kang Avenue 2,HDB,"[""GERD""]","[""Famotidine""]","[""Penicillin""]",2025-10-23,True
T8396700A,Emma,Ong,27,1998-02-21,F,Chinese,Tampines,Blk 460 Tampines Street 11,HDB,"[""Anxiety"", ""GERD"", ""Heart Failure"", ""Stroke (History)""]","[""Escitalopram"", ""Sertraline"", ""Omeprazole"", ""Spironolactone"", ""Atorvastatin"", ""Clopidogrel""]",[],2026-01-13,True
T1424230E,Priya,Ahmad,14,2012-02-06,F,Chinese,Hougang,Blk 751 Upper Serangoon Road,HDB,[],[],[],2025-07-04,False
F5256253T,Daniel,Ibrahim,76,1949-08-22,M,Chinese,Ang Mo Kio,Blk 708 Ang Mo Kio Avenue 10,HDB,"[""Depression"", ""Hypertension"", ""Obesity"", ""Type 2 Diabetes""]","[""Fluoxetine"", ""Losartan"", ""Orlistat"", ""Sitagliptin"", ""Gliclazide""]",[],2025-11-10,True
F5925836L,Daniel,Chong,14,2011-03-09,M,Chinese,Bedok,Blk 506 Bedok South Road,HDB,"[""Allergic Rhinitis"", ""Migraine"", ""Stroke (History)""]","[""Fluticasone nasal spray"", ""Sumatriptan"", ""Atorvastatin""]","[""NSAIDs""]",2025-07-01,True
S8806446A,Hafiz,Wong,59,1966-10-04,M,Chinese,Hougang,Blk 364 Hougang Avenue 3,HDB,"[""Anxiety"", ""Hypothyroidism"", ""Osteoarthritis""]","[""Sertraline"", ""Levothyroxine"", ""Naproxen""]","[""Egg""]",2025-10-09,True
S1148087Z,Ethan,Hassan,40,1985-02-09,M,Chinese,Bishan,Blk 932 Bishan Street 22,HDB,"[""Anxiety""]","[""Sertraline""]",[],2025-04-27,True
T5070515Z,Yong,Khan,6,2019-06-19,M,Chinese,Toa Payoh,Blk 856 Lorong 2 Toa Payoh,HDB,"[""Anxiety"", ""Gout"", ""Heart Failure"", ""Type 2 Diabetes""]","[""Escitalopram"", ""Allopurinol"", ""Furosemide"", ""Gliclazide""]",[],2025-02-12,True
F1608305N,Jian,Tan,72,1953-09-05,M,Chinese,Bedok,Blk 436 Bedok Reservoir Road,HDB,[],[],[],2025-06-23,False
F9037465Q,Jian,Tan,67,1958-02-18,M,Chinese,Bukit Batok,Blk 137 Bukit Batok East Avenue 3,HDB,"[""Allergic Rhinitis""]","[""Fluticasone nasal spray""]",[],2025-10-27,True
S5190158D,Xin,Rahman,87,1938-09-09,F,Malay,Bukit Merah,Blk 642 Bukit Merah View,HDB,"[""Asthma"", ""Atrial Fibrillation"", ""Obesity""]","[""Salbutamol inhaler"", ""Budesonide inhaler"", ""Apixaban"", ""Orlistat""]","[""NSAIDs""]",2025-01-19,True
F4375902R,Aisyah,Lim,9,2016-09-06,F,Chinese,Tampines,Blk 226 Tampines Street 11,HDB,"[""Anxiety""]","[""Escitalopram""]",[],2024-06-28,True
S5911789J,Kavya,Iyer,25,2000-10-14,F,Chinese,Serangoon,Blk 231 Serangoon Avenue 2,HDB,"[""Heart Failure"", ""Hypertension""]","[""Spironolactone"", ""Amlodipine""]","[""NSAIDs""]",2025-08-04,True
S8783651G,Ryan,Ibrahim,89,1936-09-05,M,Chinese,Hougang,Blk 430 Hougang Avenue 1,HDB,"[""Allergic Rhinitis"", ""Anxiety"", ""Obesity"", ""Stroke (History)""]","[""Cetirizine"", ""Sertraline"", ""Orlistat"", ""Clopidogrel""]","[""Peanuts""]",2024-07-16,True
T6647683E,Jian,Chen,55,1970-02-14,M,Chinese,Jurong East,Blk 51 Jurong East Avenue 1,HDB,"[""Anxiety"", ""Asthma"", ""Heart Failure""]","[""Escitalopram"", ""Salbutamol inhaler"", ""Furosemide""]","[""Shellfish""]",2025-02-03,True
S0456965B,Zhen,Tan,58,1967-03-07,F,Malay,Sengkang,Blk 279 Sengkang East Way,HDB,"[""Anxiety"", ""Coronary Artery Disease"", ""Hypothyroidism""]","[""Escitalopram"", ""Sertraline"", ""Aspirin"", ""Bisoprolol"", ""Levothyroxine""]",[],2025-08-13,True
S2382082Z,Chloe,Lee,56,1969-07-25,F,Malay,Pasir Ris,Blk 117 Pasir Ris Street 21,HDB,"[""Coronary Artery Disease"", ""Hypothyroidism""]","[""Aspirin"", ""Bisoprolol"", ""Levothyroxine""]","[""Penicillin""]",2024-04-06,True
S6621395A,Yong,Teo,1,2024-04-01,M,Malay,Yishun,Blk 697 Yishun Street 71,HDB,[],[],[],2025-03-16,False
T1828591B,Ava,Singh,13,2012-03-04,F,Malay,Bishan,Blk 837 Bishan Street 11,HDB,"[""Allergic Rhinitis"", ""Atrial Fibrillation"", ""Chronic Kidney Disease"", ""Obesity""]","[""Cetirizine"", ""Fluticasone nasal spray"", ""Bisoprolol"", ""Calcium carbonate"", ""Orlistat""]",[],2024-07-02,True
F9505010R,Nur,Nair,23,2002-10-21,F,Malay,Pasir Ris,Blk 453 Pasir Ris Street 11,HDB,"[""Asthma"", ""Atrial Fibrillation"", ""Obesity"", ""Stroke (History)""]","[""Salbutamol inhaler"", ""Apixaban"", ""Bisoprolol"", ""Orlistat"", ""Atorvastatin""]",[],2025-05-06,True
S7773739A,Kai,Chong,63,1962-09-13,M,Chinese,Sembawang,Blk 916 Sembawang Close,HDB,"[""Hyperlipidemia""]","[""Rosuvastatin"", ""Atorvastatin""]",[],2025-08-08,True
S7714530C,Jian,Teo,85,1940-05-14,M,Indian,Clementi,Blk 865 Clementi West Street 2,HDB,"[""Coronary Artery Disease"", ""Eczema"", ""GERD"", ""Hypertension""]","[""Atorvastatin"", ""Emollient"", ""Omeprazole"", ""Losartan""]",[],2024-09-21,True
S8182653F,Wei,Lim,69,1956-09-20,M,Malay,Clementi,Blk 510 Clementi West Street 1,HDB,[],[],[],2024-03-04,False
T3858889Z,Aisyah,Hassan,55,1970-06-01,F,Indian,Jurong East,Blk 2 Jurong East Street 21,HDB,"[""Anxiety"", ""Coronary Artery Disease"", ""Depression"", ""Gout"", ""Hyperlipidemia""]","[""Escitalopram"", ""Aspirin"", ""Sertraline"", ""Fluoxetine"", ""Colchicine"", ""Atorvastatin""]",[],2025-11-22,True
F8514767Q,Kai,Lee,53,1973-01-20,M,Indian,Yishun,Blk 573 Yishun Street 71,HDB,[],[],"[""Peanuts""]",2025-07-13,False
F6285352L,Syafiq,Khan,18,2007-11-06,M,Chinese,Sembawang,Blk 794 Sembawang Close,HDB,"[""Stroke (History)"", ""Type 2 Diabetes""]","[""Atorvastatin"", ""Gliclazide""]",[],2025-04-02,True
F0637943P,Jun,Iyer,36,1989-10-18,M,Chinese,Bedok,Blk 951 Bedok South Road,HDB,"[""Eczema""]","[""Emollient"", ""Hydrocortisone cream""]",[],2025-11-11,True
G4521861P,Hafiz,Kaur,58,1967-04-05,M,Chinese,Jurong West,Blk 104 Jurong West Street 65,HDB,"[""Atrial Fibrillation""]","[""Bisoprolol"", ""Apixaban""]","[""Penicillin""]",2024-11-03,True
S5212891I,Wei,Teo,77,1948-02-19,M,Malay,Bedok,Blk 696 New Upper Changi Road,HDB,"[""Coronary Artery Disease""]","[""Bisoprolol""]",[],2026-01-13,True
S4203785J,Syafiq,Iyer,12,2013-09-18,M,Chinese,Queenstown,Blk 717 Stirling Road,HDB,"[""Hypertension"", ""Obesity""]","[""Perindopril"", ""Orlistat""]",[],2025-04-08,True
S1873811B,Hafiz,Ng,23,2002-12-08,M,Malay,Woodlands,Blk 257 Woodlands Drive 16,HDB,"[""Chronic Kidney Disease"", ""Eczema""]","[""Sodium bicarbonate"", ""Calcium carbonate"", ""Emollient"", ""Hydrocortisone cream""]",[],2025-12-28,True
F8872793L,Ming,Teo,32,1993-03-10,M,Indian,Bishan,Blk 572 Bishan Street 11,HDB,"[""Hyperlipidemia"", ""Hypertension""]","[""Rosuvastatin"", ""Amlodipine""]",[],2025-08-10,True
S2759048I,Priya,Tan,47,1978-02-08,F,Chinese,Bukit Merah,Blk 434 Redhill Close,HDB,"[""Type 2 Diabetes""]","[""Sitagliptin"", ""Metformin""]","[""Latex""]",2024-03-13,True
F2462449T,Kavya,Iyer,38,1987-05-06,F,Malay,Tampines,Blk 674 Tampines Street 11,HDB,"[""Coronary Artery Disease""]","[""Bisoprolol"", ""Aspirin""]","[""Penicillin""]",2025-08-12,True
F4065702U,Kai,Wong,77,1948-11-24,M,Malay,Queenstown,Blk 621 Stirling Road,HDB,"[""Heart Failure"", ""Hypothyroidism""]","[""Furosemide"", ""Bisoprolol"", ""Levothyroxine""]",[],2025-02-04,True
T6914139G,Zhen,Ahmad,61,1965-01-28,F,Chinese,Choa Chu Kang,Blk 591 Choa Chu Kang Avenue 2,HDB,"[""Allergic Rhinitis""]","[""Fluticasone nasal spray""]","[""Penicillin""]",2025-05-24,True
F7292971M,Kavya,Khan,9,2016-03-26,F,Chinese,Ang Mo Kio,Blk 572 Ang Mo Kio Street 11,HDB,"[""Asthma"", ""Atrial Fibrillation""]","[""Salbutamol inhaler"", ""Bisoprolol""]",[],2025-03-06,True
F0728854U,Arjun,Singh,79,1946-11-24,M,Chinese,Bukit Merah,Blk 417 Bukit Merah Central,HDB,"[""Atrial Fibrillation"", ""Gout""]","[""Apixaban"", ""Bisoprolol"", ""Colchicine""]",[],2024-02-12,True
F1180829T,Hannah,Wong,15,2010-03-03,F,Chinese,Sembawang,Blk 915 Sembawang Crescent,HDB,"[""Asthma"", ""GERD"", ""Heart Failure""]","[""Budesonide inhaler"", ""Salbutamol inhaler"", ""Omeprazole"", ""Famotidine"", ""Spironolactone""]",[],2024-04-19,True
S1293367C,Nur,Lim,68,1957-05-03,F,Malay,Queenstown,Blk 277 Commonwealth Avenue,HDB,"[""Coronary Artery Disease"", ""GERD"", ""Hypothyroidism""]","[""Bisoprolol"", ""Atorvastatin"", ""Famotidine"", ""Levothyroxine""]","[""NSAIDs""]",2025-10-23,True
F0007513L,Hao,Chong,89,1936-11-23,M,Chinese,Punggol,Blk 313 Punggol Place,HDB,"[""Chronic Kidney Disease"", ""Coronary Artery Disease""]","[""Sodium bicarbonate"", ""Calcium carbonate"", ""Bisoprolol""]","[""Latex""]",2025-12-06,True
F8140230L,Wei,Ismail,27,1999-01-14,M,Chinese,Punggol,Blk 303 Punggol Walk,HDB,"[""Atrial Fibrillation"", ""Osteoarthritis"", ""Stroke (History)""]","[""Apixaban"", ""Bisoprolol"", ""Naproxen"", ""Atorvastatin""]",[],2024-03-31,True
S1957838J,Aisyah,Teo,73,1952-10-06,F,Chinese,Serangoon,Blk 91 Serangoon North Avenue 4,HDB,"[""Obesity"", ""Osteoarthritis""]","[""Orlistat"", ""Paracetamol""]","[""Shellfish""]",2026-01-23,True
F5009682M,Noah,Ibrahim,39,1986-06-09,M,Chinese,Hougang,Blk 256 Hougang Avenue 1,HDB,"[""Atrial Fibrillation"", ""Eczema""]","[""Apixaban"", ""Bisoprolol"", ""Hydrocortisone cream""]",[],2025-12-22,True
F4983918U,Ravi,Tan,72,1953-10-24,M,Malay,Hougang,Blk 630 Hougang Street 21,HDB,[],[],[],2025-09-20,False
S1150188E,Ming,Ong,43,1982-04-13,M,Other,Clementi,Blk 286 Clementi West Street 2,HDB,"[""Osteoarthritis"", ""Stroke (History)""]","[""Naproxen"", ""Clopidogrel""]",[],2025-07-02,True
F7700505Q,Ying,Lim,35,1990-10-28,F,Chinese,Hougang,Blk 960 Hougang Avenue 3,HDB,"[""Hyperlipidemia""]","[""Rosuvastatin"", ""Atorvastatin""]",[],2025-03-03,True
F3134203K,Zhen,Koh,93,1932-09-21,F,Other,Sembawang,Blk 662 Sembawang Close,HDB,"[""Allergic Rhinitis"", ""Anxiety"", ""Atrial Fibrillation""]","[""Cetirizine"", ""Sertraline"", ""Apixaban"", ""Bisoprolol""]",[],2024-12-10,True
S2181496B,Daniel,Kaur,2,2023-04-18,M,Other,Jurong West,Blk 773 Jurong West Avenue 5,HDB,"[""Asthma"", ""Migraine""]","[""Budesonide inhaler"", ""Sumatriptan""]",[],2026-02-05,True
T5437882Z,Azlan,Hassan,67,1958-10-05,M,Chinese,Sengkang,Blk 327 Rivervale Drive,HDB,"[""Anxiety"", ""Gout"", ""Hypothyroidism"", ""Migraine"", ""Obesity""]","[""Sertraline"", ""Allopurinol"", ""Colchicine"", ""Levothyroxine"", ""Propranolol"", ""Orlistat""]","[""Cephalosporins""]",2024-06-30,True
S2647438H,Wei,Ibrahim,95,1930-07-04,M,Chinese,Woodlands,Blk 746 Woodlands Street 31,HDB,"[""Atrial Fibrillation"", ""Chronic Kidney Disease""]","[""Apixaban"", ""Calcium carbonate"", ""Sodium bicarbonate""]",[],2025-12-20,True
F8740537X,Azlan,Ong,13,2013-01-27,M,Chinese,Choa Chu Kang,Blk 375 Choa Chu Kang Crescent,HDB,"[""Hyperlipidemia""]","[""Atorvastatin"", ""Rosuvastatin""]","[""Penicillin""]",2025-08-20,True
F3718836X,Kai,Hassan,43,1982-09-19,M,Chinese,Sembawang,Blk 40 Sembawang Drive,HDB,[],[],"[""Peanuts""]",2025-07-24,False
G2978373Q,Syafiq,Rahman,44,1981-05-24,M,Chinese,Tampines,Blk 579 Tampines Street 32,HDB,[],[],"[""Penicillin""]",2024-04-24,False
S5471830F,Ravi,Chen,3,2022-05-06,M,Chinese,Jurong East,Blk 219 Jurong East Street 21,HDB,[],[],[],2025-06-25,False
S6730508F,Zhi,Ng,61,1964-05-16,M,Chinese,Ang Mo Kio,Blk 605 Ang Mo Kio Avenue 5,HDB,[],[],[],2024-09-15,False
S4172786A,Zhi,Wong,11,2014-12-01,M,Chinese,Bukit Batok,Blk 910 Bukit Batok Street 11,HDB,"[""Hyperlipidemia""]","[""Rosuvastatin""]","[""Shellfish""]",2025-12-11,True
S1935144J,Wei,Ong,69,1956-05-17,M,Malay,Clementi,Blk 782 Clementi West Street 1,HDB,"[""Chronic Kidney Disease"", ""Coronary Artery Disease"", ""Osteoarthritis"", ""Type 2 Diabetes""]","[""Sodium bicarbonate"", ""Calcium carbonate"", ""Atorvastatin"", ""Naproxen"", ""Paracetamol"", ""Gliclazide"", ""Metformin""]",[],2024-12-14,True
S4901580A,Zhen,Rahman,84,1941-10-26,F,Chinese,Queenstown,Blk 90 Stirling Road,HDB,[],[],[],2024-04-02,False
S2515526B,Ravi,Khan,26,2000-01-03,M,Chinese,Jurong West,Blk 721 Jurong West Street 65,HDB,"[""Depression"", ""Gout"", ""Migraine""]","[""Fluoxetine"", ""Allopurinol"", ""Propranolol""]",[],2025-07-28,True
S0719273H,Zhi,Nair,13,2012-12-18,M,Chinese,Woodlands,Blk 200 Woodlands Avenue 6,HDB,"[""Depression"", ""Gout""]","[""Sertraline"", ""Colchicine""]",[],2025-05-25,True
F2458016N,Sara,Teo,7,2018-07-19,F,Chinese,Jurong East,Blk 282 Jurong East Avenue 3,HDB,"[""Depression"", ""Migraine""]","[""Sertraline"", ""Propranolol""]","[""Penicillin""]",2024-04-09,True
T2307474A,Xin,Ibrahim,21,2004-05-18,F,Malay,Tampines,Blk 406 Tampines Street 32,HDB,"[""Asthma"", ""Eczema"", ""Hypothyroidism"", ""Osteoarthritis""]","[""Salbutamol inhaler"", ""Emollient"", ""Hydrocortisone cream"", ""Levothyroxine"", ""Paracetamol""]",[],2025-01-31,True
S3618628C,Ying,Goh,17,2009-01-03,F,Chinese,Queenstown,Blk 73 Stirling Road,HDB,"[""Asthma"", ""Depression"", ""Eczema"", ""Gout"", ""Heart Failure""]","[""Budesonide inhaler"", ""Salbutamol inhaler"", ""Fluoxetine"", ""Hydrocortisone cream"", ""Emollient"", ""Colchicine"", ""Allopurinol"", ""Spironolactone""]","[""Shellfish""]",2024-10-26,True
S2490968I,Ananya,Ahmad,58,1967-04-03,F,Other,Sembawang,Blk 869 Canberra Road,HDB,"[""Asthma"", ""Gout"", ""Heart Failure"", ""Type 2 Diabetes""]","[""Salbutamol inhaler"", ""Colchicine"", ""Spironolactone"", ""Furosemide"", ""Sitagliptin"", ""Metformin""]",[],2025-11-05,True
T0918634J,Arjun,Chong,31,1994-07-14,M,Chinese,Serangoon,Blk 145 Serangoon Central,HDB,"[""Chronic Kidney Disease"", ""Coronary Artery Disease""]","[""Sodium bicarbonate"", ""Bisoprolol"", ""Atorvastatin""]",[],2024-04-28,True
S6050325G,Syafiq,Ibrahim,35,1990-09-09,M,Chinese,Toa Payoh,Blk 708 Toa Payoh East,HDB,"[""Asthma"", ""Obesity""]","[""Salbutamol inhaler"", ""Orlistat""]",[],2025-08-12,True
S3898623F,Kai,Lim,22,2003-08-15,M,Chinese,Yishun,Blk 115 Yishun Avenue 11,HDB,"[""Atrial Fibrillation"", ""Coronary Artery Disease"", ""Depression"", ""Osteoarthritis""]","[""Apixaban"", ""Bisoprolol"", ""Atorvastatin"", ""Sertraline"", ""Fluoxetine"", ""Paracetamol""]","[""Shellfish""]",2025-11-02,True
S4209710A,Jia,Ng,59,1967-01-07,F,Chinese,Tampines,Blk 668 Tampines Avenue 4,HDB,"[""Obesity""]","[""Orlistat""]",[],2024-04-21,True
S3957082C,Zhen,Koh,18,2007-05-24,F,Malay,Choa Chu Kang,Blk 477 Choa Chu Kang Avenue 2,HDB,"[""Allergic Rhinitis"", ""Hypothyroidism""]","[""Cetirizine"", ""Levothyroxine""]",[],2024-03-17,True
F2838771R,Hafiz,Iyer,61,1964-06-12,M,Chinese,Bukit Batok,Blk 42 Bukit Batok West Avenue 5,HDB,"[""Chronic Kidney Disease""]","[""Sodium bicarbonate"", ""Calcium carbonate""]",[],2025-09-02,True
S5128381C,Xuan,Goh,93,1933-01-09,F,Malay,Toa Payoh,Blk 756 Toa Payoh East,HDB,"[""Allergic Rhinitis"", ""GERD""]","[""Fluticasone nasal spray"", ""Omeprazole""]",[],2025-11-12,True
G3259694R,Jun,Ismail,86,1939-04-23,M,Malay,Bukit Merah,Blk 832 Bukit Merah Central,HDB,"[""Coronary Artery Disease"", ""Eczema"", ""Gout""]","[""Bisoprolol"", ""Atorvastatin"", ""Hydrocortisone cream"", ""Allopurinol"", ""Colchicine""]","[""Penicillin""]",2025-12-08,True
S4192343A,Ethan,Wong,37,1988-12-13,M,Chinese,Hougang,Blk 411 Hougang Avenue 8,HDB,[],[],[],2025-05-28,False
S4925238B,Jian,Tan,70,1955-06-19,M,Chinese,Pasir Ris,Blk 78 Pasir Ris Street 71,HDB,"[""Hypertension"", ""Obesity""]","[""Losartan"", ""Orlistat""]",[],2024-07-07,True
T5899156I,Kavya,Ismail,93,1932-07-01,F,Chinese,Bedok,Blk 722 Bedok North Road,HDB,[],[],[],2024-10-18,False
S3921842I,Jian,Koh,7,2018-10-27,M,Chinese,Bukit Batok,Blk 25 Bukit Batok East Avenue 3,HDB,"[""Asthma"", ""Eczema"", ""GERD"", ""Obesity""]","[""Budesonide inhaler"", ""Salbutamol inhaler"", ""Emollient"", ""Omeprazole"", ""Famotidine"", ""Orlistat""]","[""Penicillin""]",2024-08-01,True
S8807547A,Nur,Lim,39,1986-06-04,F,Chinese,Woodlands,Blk 352 Woodlands Avenue 6,HDB,"[""Allergic Rhinitis"", ""GERD"", ""Hyperlipidemia""]","[""Cetirizine"", ""Famotidine"", ""Rosuvastatin"", ""Atorvastatin""]",[],2025-01-19,True
S6376194Z,Mei,Nair,93,1932-10-23,F,Chinese,Sengkang,Blk 163 Sengkang West Avenue,HDB,"[""Coronary Artery Disease"", ""Eczema"", ""Hypertension"", ""Type 2 Diabetes""]","[""Aspirin"", ""Hydrocortisone cream"", ""Amlodipine"", ""Metformin""]",[],2025-09-06,True
F3801970T,Nur,Goh,66,1959-10-07,F,Chinese,Jurong East,Blk 683 Jurong East Avenue 1,HDB,"[""GERD"", ""Obesity""]","[""Omeprazole"", ""Orlistat""]",[],2025-10-20,True
S4664823D,Imran,Tan,21,2004-07-14,M,Chinese,Toa Payoh,Blk 490 Lorong 3 Toa Payoh,HDB,"[""Asthma"", ""GERD"", ""Heart Failure"", ""Migraine""]","[""Salbutamol inhaler"", ""Omeprazole"", ""Famotidine"", ""Spironolactone"", ""Sumatriptan"", ""Propranolol""]",[],2024-10-08,True
S2042903H,Daniel,Ong,47,1978-02-10,M,Chinese,Serangoon,Blk 509 Serangoon Central,HDB,"[""Eczema"", ""GERD""]","[""Hydrocortisone cream"", ""Emollient"", ""Famotidine"", ""Omeprazole""]","[""Shellfish""]",2025-07-15,True
S4845690A,Ryan,Goh,19,2006-04-21,M,Chinese,Pasir Ris,Blk 277 Pasir Ris Drive 4,HDB,"[""Hypertension"", ""Hypothyroidism"", ""Osteoarthritis""]","[""Amlodipine"", ""Levothyroxine"", ""Paracetamol""]",[],2025-01-15,True
S3600869E,Wei,Goh,70,1955-09-26,M,Chinese,Toa Payoh,Blk 576 Toa Payoh Central,HDB,[],[],[],2024-10-23,False
S8404241B,Emma,Ng,46,1979-11-14,F,Chinese,Sembawang,Blk 871 Sembawang Drive,HDB,"[""Hyperlipidemia""]","[""Atorvastatin""]",[],2024-08-20,True
S2366643Z,Hannah,Ahmad,59,1966-07-23,F,Chinese,Sengkang,Blk 664 Sengkang East Way,HDB,"[""Asthma"", ""GERD"", ""Heart Failure"", ""Migraine""]","[""Salbutamol inhaler"", ""Famotidine"", ""Spironolactone"", ""Sumatriptan"", ""Propranolol""]","[""Shellfish""]",2026-01-02,True
S4038200C,Jian,Goh,86,1939-05-14,M,Chinese,Tampines,Blk 734 Tampines Street 21,HDB,"[""Hypothyroidism"", ""Migraine""]","[""Levothyroxine"", ""Sumatriptan""]",[],2025-10-25,True
F0725892P,Jian,Teo,41,1984-02-22,M,Chinese,Pasir Ris,Blk 532 Pasir Ris Street 21,HDB,"[""Anxiety"", ""Chronic Kidney Disease"", ""Eczema"", ""Obesity""]","[""Sertraline"", ""Escitalopram"", ""Sodium bicarbonate"", ""Emollient"", ""Hydrocortisone cream"", ""Orlistat""]",[],2024-06-12,True
S5628440J,Hao,Lee,12,2013-10-03,M,Malay,Hougang,Blk 813 Hougang Street 51,HDB,"[""Eczema"", ""Gout"", ""Type 2 Diabetes""]","[""Hydrocortisone cream"", ""Colchicine"", ""Sitagliptin""]",[],2024-08-04,True
T3586829H,Mei,Ong,42,1983-02-27,F,Chinese,Pasir Ris,Blk 856 Pasir Ris Drive 3,HDB,"[""GERD""]","[""Omeprazole"", ""Famotidine""]",[],2025-06-09,True
S7604127Z,Daniel,Ng,90,1935-02-28,M,Chinese,Pasir Ris,Blk 950 Pasir Ris Drive 3,HDB,"[""Chronic Kidney Disease"", ""Depression"", ""Gout"", ""Heart Failure"", ""Osteoarthritis""]","[""Sodium bicarbonate"", ""Fluoxetine"", ""Allopurinol"", ""Colchicine"", ""Bisoprolol"", ""Paracetamol"", ""Naproxen""]",[],2025-11-13,True
S2900689Z,Siti,Chen,67,1958-09-14,F,Chinese,Bukit Batok,Blk 607 Bukit Batok East Avenue 3,HDB,"[""Atrial Fibrillation"", ""Chronic Kidney Disease"", ""Hypertension""]","[""Bisoprolol"", ""Sodium bicarbonate"", ""Perindopril"", ""Amlodipine""]",[],2024-05-10,True
G6288247L,Azlan,Hassan,77,1949-01-27,M,Chinese,Queenstown,Blk 93 Dover Road,HDB,"[""Hyperlipidemia""]","[""Rosuvastatin"", ""Atorvastatin""]",[],2025-12-30,True
T5209789J,Vikram,Nair,85,1940-12-03,M,Chinese,Woodlands,Blk 238 Woodlands Street 31,HDB,"[""Gout"", ""Hypothyroidism"", ""Migraine""]","[""Allopurinol"", ""Levothyroxine"", ""Sumatriptan""]",[],2024-04-01,True
F2602971Q,Zhen,Rahman,90,1935-06-22,F,Chinese,Bedok,Blk 651 Bedok South Road,HDB,"[""GERD"", ""Heart Failure""]","[""Omeprazole"", ""Famotidine"", ""Bisoprolol""]","[""Shellfish""]",2024-03-14,True
T0111373E,Ravi,Menon,62,1963-07-02,M,Chinese,Queenstown,Blk 266 Queenstown Drive,HDB,"[""Hyperlipidemia"", ""Stroke (History)""]","[""Rosuvastatin"", ""Atorvastatin"", ""Clopidogrel""]",[],2025-11-06,True
S4625287Z,Ying,Zhang,6,2019-09-13,F,Chinese,Bukit Batok,Blk 320 Bukit Batok West Avenue 5,HDB,"[""Heart Failure"", ""Hypertension"", ""Osteoarthritis"", ""Type 2 Diabetes""]","[""Furosemide"", ""Bisoprolol"", ""Perindopril"", ""Paracetamol"", ""Sitagliptin""]",[],2024-09-21,True
F9805022K,Siti,Lim,10,2015-08-19,F,Chinese,Jurong West,Blk 676 Jurong West Street 65,HDB,"[""Coronary Artery Disease""]","[""Bisoprolol"", ""Atorvastatin""]",[],2024-06-24,True
S1748221A,Ming,Ahmad,19,2006-10-14,M,Indian,Jurong East,Blk 617 Jurong East Avenue 3,HDB,"[""Stroke (History)""]","[""Atorvastatin""]","[""Egg""]",2024-03-27,True
T0942684H,Aisyah,Koh,16,2009-08-06,F,Chinese,Bishan,Blk 986 Bishan Street 24,HDB,"[""Depression""]","[""Sertraline"", ""Fluoxetine""]","[""NSAIDs""]",2025-08-10,True
S8169207F,Syafiq,Ng,80,1945-11-24,M,Malay,Sengkang,Blk 57 Compassvale Walk,HDB,[],[],[],2025-06-28,False
S3936963Z,Zhi,Menon,75,1950-07-24,M,Chinese,Bedok,Blk 608 Bedok North Street 1,HDB,"[""Atrial Fibrillation"", ""Heart Failure""]","[""Apixaban"", ""Spironolactone""]",[],2024-05-10,True
F6253446W,Chloe,Iyer,49,1976-11-12,F,Chinese,Toa Payoh,Blk 394 Lorong 1 Toa Payoh,HDB,"[""Hypertension"", ""Migraine""]","[""Losartan"", ""Amlodipine"", ""Sumatriptan""]",[],2025-10-16,True
F0872182M,Xin,Zhang,72,1953-12-25,F,Other,Hougang,Blk 721 Upper Serangoon Road,HDB,"[""GERD"", ""Gout"", ""Osteoarthritis"", ""Type 2 Diabetes""]","[""Famotidine"", ""Allopurinol"", ""Colchicine"", ""Naproxen"", ""Metformin""]",[],2025-08-31,True
F7820271T,Arjun,Ismail,14,2011-05-17,M,Chinese,Bedok,Blk 515 Bedok South Road,HDB,[],[],[],2024-09-09,False
S9571855H,Vikram,Goh,22,2003-03-10,M,Chinese,Pasir Ris,Blk 785 Pasir Ris Street 71,HDB,[],[],[],2025-05-02,False
S7542312H,Ethan,Ahmad,50,1975-06-03,M,Chinese,Jurong East,Blk 890 Jurong East Avenue 1,HDB,"[""Depression""]","[""Fluoxetine""]",[],2026-02-06,True
S3615478J,Ananya,Ong,42,1983-10-18,F,Chinese,Queenstown,Blk 2 Mei Ling Street,HDB,"[""Gout""]","[""Colchicine""]",[],2024-11-18,True
G7190290R,Nur,Menon,74,1951-10-17,F,Malay,Bedok,Blk 667 Bedok North Road,HDB,[],[],"[""Shellfish""]",2026-01-30,False
F8889327K,Vikram,Zhang,37,1988-09-08,M,Chinese,Toa Payoh,Blk 571 Lorong 2 Toa Payoh,HDB,"[""Chronic Kidney Disease"", ""Coronary Artery Disease"", ""Eczema"", ""Obesity"", ""Osteoarthritis""]","[""Calcium carbonate"", ""Sodium bicarbonate"", ""Bisoprolol"", ""Atorvastatin"", ""Hydrocortisone cream"", ""Orlistat"", ""Paracetamol"", ""Naproxen""]",[],2024-05-30,True
S4485874F,Ava,Singh,49,1976-09-14,F,Chinese,Bedok,Blk 51 Bedok South Avenue 1,HDB,"[""GERD"", ""Migraine"", ""Obesity"", ""Stroke (History)""]","[""Omeprazole"", ""Propranolol"", ""Sumatriptan"", ""Orlistat"", ""Clopidogrel""]",[],2025-07-10,True
S9965460J,Sophia,Chong,29,1996-03-01,F,Chinese,Clementi,Blk 133 Clementi Avenue 2,HDB,[],[],"[""Latex""]",2025-04-23,False
F4558254W,Ava,Kaur,63,1963-01-27,F,Chinese,Yishun,Blk 103 Yishun Street 21,HDB,"[""Coronary Artery Disease""]","[""Bisoprolol"", ""Atorvastatin""]","[""Shellfish""]",2025-08-20,True
S1067718A,Jia,Chen,64,1961-08-01,F,Chinese,Clementi,Blk 111 Clementi Avenue 4,HDB,"[""Eczema"", ""Type 2 Diabetes""]","[""Hydrocortisone cream"", ""Emollient"", ""Metformin"", ""Sitagliptin""]",[],2024-02-14,True
S7890973J,Ying,Hassan,82,1943-10-14,F,Chinese,Toa Payoh,Blk 873 Toa Payoh Central,HDB,"[""Osteoarthritis""]","[""Paracetamol""]","[""NSAIDs""]",2025-11-29,True
T5560488B,Yong,Kaur,61,1964-12-18,M,Malay,Clementi,Blk 407 Clementi Avenue 2,HDB,"[""Hypothyroidism""]","[""Levothyroxine""]",[],2024-10-11,True
T7970787I,Hannah,Ibrahim,25,2000-02-17,F,Chinese,Tampines,Blk 24 Tampines Street 32,HDB,[],[],[],2024-05-05,False
S8535357H,Ying,Ibrahim,75,1950-11-10,F,Chinese,Queenstown,Blk 347 Queenstown Drive,HDB,"[""Hypertension""]","[""Perindopril""]",[],2025-12-13,True
S6343249J,Xuan,Rahman,56,1969-02-24,F,Other,Choa Chu Kang,Blk 290 Choa Chu Kang Avenue 1,HDB,"[""Heart Failure"", ""Hypothyroidism""]","[""Bisoprolol"", ""Levothyroxine""]",[],2024-06-30,True
T2273539F,Siti,Chen,44,1981-07-23,F,Chinese,Bukit Merah,Blk 165 Redhill Close,HDB,"[""Allergic Rhinitis""]","[""Cetirizine"", ""Fluticasone nasal spray""]",[],2024-12-10,True
F4466027W,Sophia,Lee,59,1966-12-23,F,Chinese,Jurong East,Blk 30 Jurong East Street 21,HDB,"[""GERD"", ""Gout"", ""Obesity""]","[""Famotidine"", ""Omeprazole"", ""Colchicine"", ""Orlistat""]","[""Latex""]",2025-03-25,True
G4937083R,Jun,Rahman,36,1989-05-17,M,Chinese,Jurong East,Blk 976 Jurong East Avenue 3,HDB,"[""Allergic Rhinitis"", ""Eczema"", ""GERD"", ""Hypertension""]","[""Fluticasone nasal spray"", ""Emollient"", ""Famotidine"", ""Omeprazole"", ""Losartan"", ""Perindopril""]",[],2024-12-04,True
T6720649A,Imran,Kaur,82,1943-04-23,M,Chinese,Tampines,Blk 202 Tampines Street 32,HDB,"[""Eczema""]","[""Hydrocortisone cream"", ""Emollient""]","[""NSAIDs""]",2025-07-06,True
G5453089M,Ananya,Menon,23,2002-03-07,F,Chinese,Choa Chu Kang,Blk 926 Choa Chu Kang Crescent,HDB,"[""GERD"", ""Osteoarthritis"", ""Type 2 Diabetes""]","[""Famotidine"", ""Naproxen"", ""Sitagliptin""]",[],2025-07-06,True
S8016363J,Daniel,Chen,95,1930-07-03,M,Chinese,Queenstown,Blk 16 Dover Road,HDB,"[""Atrial Fibrillation"", ""Hyperlipidemia"", ""Osteoarthritis"", ""Stroke (History)""]","[""Bisoprolol"", ""Rosuvastatin"", ""Paracetamol"", ""Naproxen"", ""Clopidogrel"", ""Atorvastatin""]",[],2025-06-08,True
S7383353A,Daniel,Ismail,29,1996-05-22,M,Malay,Queenstown,Blk 860 Queenstown Drive,HDB,"[""Allergic Rhinitis"", ""Atrial Fibrillation"", ""Hypothyroidism"", ""Obesity"", ""Stroke (History)""]","[""Cetirizine"", ""Apixaban"", ""Bisoprolol"", ""Levothyroxine"", ""Orlistat"", ""Clopidogrel""]",[],2024-03-28,True
F7980473T,Mei,Chen,77,1948-06-22,F,Chinese,Sembawang,Blk 225 Sembawang Crescent,HDB,"[""Anxiety"", ""Heart Failure""]","[""Sertraline"", ""Escitalopram"", ""Bisoprolol"", ""Spironolactone""]",[],2025-10-26,True
F5180574R,Priya,Ng,27,1999-01-20,F,Other,Choa Chu Kang,Blk 986 Choa Chu Kang Avenue 2,HDB,"[""Allergic Rhinitis"", ""Gout"", ""Hypertension"", ""Migraine""]","[""Fluticasone nasal spray"", ""Allopurinol"", ""Colchicine"", ""Perindopril"", ""Propranolol""]",[],2025-11-06,True
S4646650J,Ethan,Ahmad,54,1971-10-25,M,Chinese,Yishun,Blk 149 Yishun Street 71,HDB,"[""Eczema""]","[""Emollient""]",[],2024-03-17,True
S7954701H,Hui,Khan,66,1959-04-19,F,Chinese,Toa Payoh,Blk 880 Lorong 3 Toa Payoh,HDB,"[""GERD""]","[""Omeprazole"", ""Famotidine""]",[],2025-02-12,True
S1861028J,Ava,Menon,10,2015-04-19,F,Other,Bukit Batok,Blk 231 Bukit Batok West Avenue 5,HDB,"[""Chronic Kidney Disease"", ""Eczema"", ""Gout"", ""Type 2 Diabetes""]","[""Calcium carbonate"", ""Sodium bicarbonate"", ""Emollient"", ""Colchicine"", ""Gliclazide""]",[],2024-02-22,True
S0274101F,Sara,Chen,49,1976-05-11,F,Malay,Pasir Ris,Blk 112 Pasir Ris Street 71,HDB,"[""Obesity""]","[""Orlistat""]",[],2025-08-10,True
T9459238G,Xuan,Ibrahim,67,1958-09-02,F,Chinese,Punggol,Blk 884 Punggol Central,HDB,"[""GERD""]","[""Famotidine"", ""Omeprazole""]","[""Egg""]",2024-08-04,True
T9871992F,Kai,Lim,48,1977-03-20,M,Chinese,Sengkang,Blk 433 Sengkang Square,HDB,"[""Eczema"", ""Obesity""]","[""Hydrocortisone cream"", ""Orlistat""]",[],2025-08-03,True
S7063502Z,Siti,Singh,50,1975-08-15,F,Malay,Bishan,Blk 250 Bishan Street 23,HDB,"[""Anxiety"", ""Gout"", ""Hyperlipidemia"", ""Hypothyroidism""]","[""Sertraline"", ""Colchicine"", ""Rosuvastatin"", ""Levothyroxine""]","[""Penicillin""]",2025-08-08,True
S7000390B,Jian,Ong,69,1956-10-05,M,Chinese,Sembawang,Blk 658 Sembawang Drive,HDB,"[""Obesity""]","[""Orlistat""]",[],2024-04-29,True
T3211580I,Kavya,Chong,50,1975-09-25,F,Chinese,Choa Chu Kang,Blk 910 Choa Chu Kang Avenue 2,HDB,"[""Allergic Rhinitis"", ""GERD""]","[""Cetirizine"", ""Famotidine"", ""Omeprazole""]",[],2024-10-14,True
F5733015P,Ravi,Ng,40,1985-06-12,M,Chinese,Jurong East,Blk 589 Jurong East Avenue 1,HDB,"[""Anxiety"", ""Hypertension""]","[""Escitalopram"", ""Sertraline"", ""Losartan""]","[""Latex""]",2025-01-20,True
S0304536F,Vikram,Ong,13,2012-12-11,M,Chinese,Ang Mo Kio,Blk 460 Ang Mo Kio Avenue 4,HDB,"[""Allergic Rhinitis"", ""Atrial Fibrillation"", ""Chronic Kidney Disease"", ""Depression"", ""Stroke (History)""]","[""Cetirizine"", ""Apixaban"", ""Calcium carbonate"", ""Sertraline"", ""Fluoxetine"", ""Clopidogrel""]","[""NSAIDs""]",2025-04-20,True
T9270481A,Xin,Hassan,94,1931-09-07,F,Chinese,Toa Payoh,Blk 751 Lorong 3 Toa Payoh,HDB,"[""Anxiety"", ""Heart Failure""]","[""Sertraline"", ""Escitalopram"", ""Spironolactone"", ""Furosemide""]",[],2024-09-24,True
